{"app_id": "com.catchoom.test", "tokens": ["1f9a4e02857f48a6"], "last-modified": "1506891631", "name": "Khonsu", "uuid": "00fae3131ace4c7c9b006e0a9a844d66", "image_template": "https://crs-beta-catchoom.s3.amazonaws.com/cache/collections/{collection_uuid}/images/{item_uuid}_{image_uuid}_thumb_120.jpe", "items": {"b3400799cc1c4212bea7fd8e1575165f": {"name": "stickers", "url": "", "custom": "", "content": null, "images": ["3addd7880edd48dabce799d2d0cca632", "66e9a4c00a5240138e9eb747540738ea", "1d725e0902094f2796028702efee454a", "6eaa06fc119d4556b8d633b4107c4fff", "e44e432dffa1401d8da43550940e95de", "11a88f7c24764596a1bc61ba01600143"], "trackable": false}}, "index_template": "https://48a9ff3c9ed24e9d455d-d632e246998d242b61b7539cab4293fe.ssl.cf5.rackcdn.com/bundles/00fae3131ace4c7c9b006e0a9a844d66/ODIR-1/com.catchoom.test/files/{item_uuid}_{image_uuid}.index_s", "sdk_version": "ODIR-1", "tracking_template": "https://48a9ff3c9ed24e9d455d-d632e246998d242b61b7539cab4293fe.ssl.cf5.rackcdn.com/bundles/00fae3131ace4c7c9b006e0a9a844d66/ODIR-1/com.catchoom.test/files/{item_uuid}.ctf", "pubkey": "-----BEGIN PUBLIC KEY-----\nMIIBIjANBgkqhkiG9w0BAQEFAAOCAQ8AMIIBCgKCAQEAn4UgjqA6CB4MBcbkXg0U\nGNzR3pwHIxCgKFsqaMRvzjVmsctBM+udaSP250L0/GhCHCik4hqKZOberXp9Sk6Z\nInElvUZAQg8BIHRNfZHKigGZo4G7U+o2UfxF0hjyLWLh1QuJetwnP3756mVYq6EG\nKFlyu6fC8UAFSraI/M4PfIwyXzJkIZ0KG5jAhFzXDnlqKlxJ3TcMdbhHj5zz3OY8\nSJKtCslqqhUdo+uCYxHwX0QUdgyqbIvQdj+suOSxcmInWcalU1fUGT0uybK+O+Ru\nwyVw3KXda03DO+JzJfhVFg2gkh1h+XUsuhAWLgBfT4fAu6acBNfsEUtY1mjffewY\newIDAQAB\n-----END PUBLIC KEY-----"}